question_id	parent_question_id	is_conditional	display_order	is_active	modules	asset_type	asset_subtype	project_phase	country_code	question_text	answer_options	condition_source_question_id	condition_operator	condition_value	clarification_text	tools_labels	tools_urls	standards_labels	standards_urls	recommendation_yes	recommendation_no	recommendation_unknown	recommendation_na
INF_Q001		FALSE	10	TRUE	infrastructure|natural_capital	ALL	ALL	planning|construction	ALL	Has a biodiversity baseline assessment been completed for the project area?	yes|no|unknown|na				Baseline means understanding key habitats, species pressure, and ecosystem services before project commitment.	IBAT	https://www.ibat-alliance.org/	TNFD LEAP	https://tnfd.global/	Ensure baseline is updated when project boundaries or design assumptions change.	Start with a baseline screening before investment committee decision.	Assign an owner to confirm whether baseline analysis exists.	
INF_Q001_A	INF_Q001	TRUE	20	TRUE	infrastructure	ALL	ALL	planning|construction	ALL	Is the baseline expected to be completed before financial close?	yes|no|unknown|na	INF_Q001	in	no|unknown	This conditional sub-question appears when baseline status is not confirmed.					Track delivery date in project governance milestones.	High risk: include biodiversity baseline as a pre-condition for approval.	Escalate to project sponsor for immediate clarification.	
INF_Q002		FALSE	30	TRUE	infrastructure	energy|transport	ALL	planning|construction|operation	ALL	Does the project include a no-net-loss or net-positive biodiversity objective?	yes|no|unknown|na				Objective can be policy-level or project-level but should be auditable.			IFC PS6	https://www.ifc.org/	Define KPIs and periodic monitoring against the objective.	Set a proportionate biodiversity target linked to project impacts.	Check environmental permit commitments and financing covenants.	
NC_Q001		FALSE	40	TRUE	natural_capital	ALL	ALL	planning|operation	ALL	Have critical ecosystem dependencies been identified for this investment?	yes|no|unknown|na				Dependencies include water quality, pollination, soil health, and coastal protection.	ENCORE	https://encore.naturalcapital.finance/			Link dependencies to risk controls and stewardship plans.	Run a dependency screen and document top three material dependencies.	Collect minimum input data for an initial ENCORE pass.	
NC_Q002		FALSE	50	TRUE	natural_capital	forestry|agriculture|blue_economy	ALL	planning|construction|operation	ALL	Are local or indigenous communities included in project decision-making?	yes|no|unknown|na				Inclusion should be meaningful and documented, not only one-off consultation.			UNDRIP	https://www.un.org/development/desa/indigenouspeoples/	Record engagement outcomes and feedback loops in governance documents.	Create a formal stakeholder engagement plan before next project gate.	Validate if consultation has happened and at what quality level.	
NC_Q002_A	NC_Q002	TRUE	60	TRUE	natural_capital	ALL	ALL	planning|construction|operation	ALL	Is there a grievance mechanism available to affected communities?	yes|no|unknown|na	NC_Q002	equals	yes	Mechanism should be accessible, documented, and track resolution timelines.					Publish grievance process and performance metrics annually.	Design a grievance mechanism with clear SLA and escalation path.	Assign accountability for community feedback and disputes.	
RE_Q001		FALSE	70	TRUE	real_estate	ALL	ALL	planning|acquisition|operation	ALL	Has a nature-related site risk screening been completed for this property?	yes|no|unknown|na				Risk screening should cover proximity to protected areas and flood or heat stress.					Integrate findings into asset management and capex planning.	Run a basic site risk screening before transaction finalization.	Confirm with transaction team whether a screening exists.	
RE_Q002		FALSE	80	TRUE	real_estate	residential|commercial	ALL	planning|construction	ALL	Are biodiversity-enhancing design features included in project plans?	yes|no|unknown|na				Examples: native planting, green roofs, ecological corridors, permeable landscaping.			BREEAM	https://www.breeam.com/	Set measurable biodiversity outcomes for post-completion monitoring.	Review low-cost design changes to reduce habitat fragmentation.	Ask design team to provide current biodiversity feature list.	
CROSS_Q_GOVERNANCE		FALSE	90	TRUE	infrastructure|natural_capital|real_estate	ALL	ALL	operation	ALL	Is biodiversity performance reported to governance or investment committees?	yes|no|unknown|na				Reporting can be quarterly dashboards or formal committee papers.					Include trend indicators and management actions in reporting packs.	Define minimum reporting cadence and assign data owner.	Map existing governance forums and current ESG reporting scope.	
